{
  "project_info": {
    "project_number": "266943992409",
    "firebase_url": "https://medtracker-e9e57.firebaseio.com",
    "project_id": "medtracker-e9e57",
    "storage_bucket": "medtracker-e9e57.appspot.com"
  },
  "client": [
    {
      "client_info": {
        "mobilesdk_app_id": "1:266943992409:android:aabc7c81ebd39506",
        "android_client_info": {
          "package_name": "cus1194.medtracker"
        }
      },
      "oauth_client": [
        {
          "client_id": "266943992409-9ohf1a800ve30gcf0eml6g63qebjrth4.apps.googleusercontent.com",
          "client_type": 3
        }
      ],
      "api_key": [
        {
          "current_key": "AIzaSyDnIAlP6V8TMa_nxHWYpxLFRx-S0B27wIA"
        }
      ],
      "services": {
        "analytics_service": {
          "status": 1
        },
        "appinvite_service": {
          "status": 1,
          "other_platform_oauth_client": []
        },
        "ads_service": {
          "status": 2
        }
      }
    }
  ],
  "configuration_version": "1"
}